STATENAME,Population_2024,Fatal_Crashes,Fatal_Crashes_per_100k
Alabama,5157699,895,17.352699333559404
Alaska,740133,63,8.51198365699138
Arizona,7582384,1118,14.744702985235252
Arkansas,3088354,547,17.71170014836382
California,39431263,3583,9.086698541712956
Colorado,5957493,642,10.776345016267749
Connecticut,3675069,285,7.754956437552601
Delaware,1051917,121,11.502808681673555
District of Columbia,702250,46,6.550373798504806
Florida,23372215,2931,12.540531567076547
Georgia,11180878,1312,11.734319970220586
Hawaii,1446146,97,6.70748320017481
Idaho,2001619,219,10.941143144624426
Illinois,12710158,1085,8.536479247543578
Indiana,6924275,785,11.336926970693684
Iowa,3241488,324,9.99540951562986
Kansas,2970606,314,10.570233817611626
Kentucky,4588372,663,14.449569476929943
Louisiana,4597740,705,15.333620430907358
Maine,1405012,167,11.886019478837191
Maryland,6263220,552,8.813357985189727
Massachusetts,7136171,349,4.89057787432504
Michigan,10140459,1011,9.969962898129168
Minnesota,5793151,431,7.439819883859405
Mississippi,2943045,678,23.037364362420554
Missouri,6245466,882,14.122244841297672
Montana,1137233,193,16.971016493541782
Nebraska,2005465,223,11.119615650235732
Nevada,3267467,378,11.568594265833442
New Hampshire,1409032,120,8.516485076279318
New Jersey,9500851,638,6.715187934217683
New Mexico,2130256,378,17.744346219421516
New York,19867248,1036,5.214612512009715
North Carolina,11046024,1509,13.661024093375136
North Dakota,796568,84,10.545239075634472
Ohio,11883304,1077,9.06313597632443
Oklahoma,4095393,594,14.50410253667963
Oregon,4272371,491,11.49244763621886
Pennsylvania,13078751,1060,8.10474945199278
Rhode Island,1112308,48,4.3153515033605805
South Carolina,5478831,948,17.302961160875377
South Dakota,924669,134,14.491672155117127
Tennessee,7227750,1093,15.122271799661029
Texas,31290831,3774,12.06104114013463
Utah,3503613,251,7.164033242255923
Vermont,648493,53,8.172794463471464
Virginia,8811195,867,9.839754993505421
Washington,7958180,674,8.469273125262308
West Virginia,1769979,238,13.446487218209935
Wisconsin,5960975,529,8.874387159818655
Wyoming,587618,102,17.35821571156772
